<?xml version="1.0" encoding="UTF-8"?>
<project-private xmlns="http://www.netbeans.org/ns/project-private/1">
    <editor-bookmarks xmlns="http://www.netbeans.org/ns/editor-bookmarks/2" lastBookmarkId="0"/>
    <open-files xmlns="http://www.netbeans.org/ns/projectui-open-files/2">
        <group>
            <file>file:/data/Experiments/experiment-2-ast/myCS/src/mycs/CPPGrammar.g</file>
            <file>file:/data/Experiments/experiment-2-ast/myCS/src/mycs/CPPGrammarParser.java</file>
            <file>file:/data/Experiments/experiment-2-ast/myCS/src/mycs/MyCS.java</file>
            <file>file:/data/Experiments/experiment-2-ast/myCS/src/mycs/CodeTree.java</file>
        </group>
    </open-files>
</project-private>
